StudentID,Name,Gender,AttendanceRate,StudyHoursPerWeek,PreviousGrade,ExtracurricularActivities,ParentalSupport,FinalGrade
1,Student_1,Male,92,5,66,0,Medium,44
2,Student_2,Female,88,12,63,2,Medium,57
3,Student_3,Male,100,1,63,3,Medium,50
4,Student_4,Male,91,18,66,3,High,61
5,Student_5,Male,85,18,90,5,Low,69
6,Student_6,Female,100,11,85,2,Low,61
7,Student_7,Male,98,19,72,1,High,67
8,Student_8,Male,100,8,89,0,Medium,53
9,Student_9,Male,87,10,62,5,Low,48
10,Student_10,Female,96,19,61,1,Low,55
11,Student_11,Male,76,12,85,4,Low,48
12,Student_12,Male,94,16,82,3,Medium,60
13,Student_13,Male,87,13,69,4,High,66
14,Student_14,Male,77,14,61,3,Medium,42
15,Student_15,Female,96,14,93,3,Medium,69
16,Student_16,Male,74,12,54,4,Medium,46
17,Student_17,Female,73,18,68,4,Medium,59
18,Student_18,Female,91,12,78,1,High,63
19,Student_19,Female,93,16,97,5,High,76
20,Student_20,Male,96,12,80,5,Low,53
21,Student_21,Female,94,7,81,4,High,62
22,Student_22,Male,100,21,68,1,Medium,68
23,Student_23,Female,94,19,82,5,High,73
24,Student_24,Female,87,30,76,1,Medium,74
25,Student_25,Female,87,10,56,1,High,50
26,Student_26,Female,86,15,85,3,High,65
27,Student_27,Female,90,15,87,5,Medium,62
28,Student_28,Female,79,22,85,5,Medium,66
29,Student_29,Female,91,13,75,3,High,71
30,Student_30,Female,87,9,64,4,High,55
31,Student_31,Male,90,23,47,3,Low,47
32,Student_32,Male,90,14,77,5,High,68
33,Student_33,Female,68,21,88,5,Medium,71
34,Student_34,Female,81,21,87,4,Low,56
35,Student_35,Female,87,16,85,3,Medium,74
36,Student_36,Male,88,15,74,0,Medium,62
37,Student_37,Female,90,14,88,0,High,75
38,Student_38,Male,90,16,86,4,Medium,73
39,Student_39,Male,100,21,70,3,High,76
40,Student_40,Male,90,11,83,3,Low,55
41,Student_41,Male,85,17,69,1,Medium,65
42,Student_42,Male,75,70,81,5,Medium,56
43,Student_43,Female,77,10,59,2,Medium,53
44,Student_44,Female,92,16,60,4,Low,58
45,Student_45,Female,96,4,88,2,Low,48
46,Student_46,Female,100,28,86,2,Medium,81
47,Student_47,Female,81,9,83,4,Medium,56
48,Student_48,Male,86,16,76,3,Medium,62
49,Student_49,Female,90,23,46,4,Medium,58
50,Student_50,Female,100,11,74,2,High,65
51,Student_51,Male,89,2,80,5,High,64
52,Student_52,Female,100,13,69,5,Medium,53
53,Student_53,Male,89,11,66,5,Medium,46
54,Student_54,Female,97,2,92,3,Low,43
55,Student_55,Male,96,18,74,0,High,75
56,Student_56,Female,89,17,80,4,Low,55
57,Student_57,Female,80,23,84,5,Medium,68
58,Student_58,Male,86,9,63,4,Medium,50
59,Student_59,Male,100,6,77,5,Medium,52
60,Student_60,Male,95,14,91,3,Low,66
61,Student_61,Male,85,15,97,0,High,72
62,Student_62,Male,85,22,75,0,Low,59
63,Student_63,Male,74,24,72,5,Medium,64
64,Student_64,Male,100,23,78,3,Low,69
65,Student_65,Male,95,18,78,1,Low,56
66,Student_66,Female,87,21,92,4,High,80
67,Student_67,Female,90,12,63,4,Low,56
68,Student_68,Male,71,17,72,2,High,54
69,Student_69,Female,84,9,62,3,Medium,51
70,Student_70,Female,99,16,63,2,Low,53
71,Student_71,Female,96,17,80,5,High,74
72,Student_72,Female,91,26,85,2,Medium,67
73,Student_73,Male,88,15,67,0,High,71
74,Student_74,Female,94,17,84,4,Low,53
75,Student_75,Male,86,17,88,2,High,70
76,Student_76,Female,75,13,98,0,Low,61
77,Student_77,Female,88,11,76,3,Medium,54
78,Student_78,Female,91,24,67,2,High,66
79,Student_79,Male,97,10,63,5,High,60
80,Student_80,Female,76,8,62,5,High,52
81,Student_81,Male,87,20,90,5,High,74
82,Student_82,Female,87,23,57,4,High,69
83,Student_83,Male,79,13,90,2,Low,55
84,Student_84,Female,92,13,65,3,Medium,58
85,Student_85,Male,94,18,67,2,Medium,59
86,Student_86,Male,86,12,73,4,Medium,52
87,Student_87,Female,100,11,67,0,Medium,56
88,Student_88,Male,85,21,86,4,Medium,66
89,Student_89,Female,84,20,97,5,Low,64
90,Student_90,Female,84,24,67,0,Medium,69
91,Student_91,Female,81,8,70,5,Low,45
92,Student_92,Female,84,13,73,1,Medium,54
93,Student_93,Female,77,18,81,4,Medium,62
94,Student_94,Female,86,10,73,4,High,61
95,Student_95,Female,88,20,92,3,High,69
96,Student_96,Female,70,23,89,2,Medium,66
97,Student_97,Female,87,12,61,0,Low,46
98,Student_98,Female,88,16,81,0,Medium,62
99,Student_99,Female,92,25,93,3,Low,74
100,Student_100,Male,98,27,69,3,Medium,71
101,Student_101,Male,95,20,71,2,Medium,71
102,Student_102,Female,83,20,69,5,Low,56
103,Student_103,Female,82,11,69,2,Medium,62
104,Student_104,Female,93,18,55,4,High,60
105,Student_105,Female,84,19,59,5,High,58
106,Student_106,Female,78,15,76,1,Medium,61
107,Student_107,Female,100,12,93,2,Low,69
108,Student_108,Female,86,8,68,3,Low,40
109,Student_109,Female,83,6,67,5,Medium,48
110,Student_110,Male,70,4,95,2,High,56
111,Student_111,Female,95,19,62,0,Low,56
112,Student_112,Male,80,17,55,1,High,58
113,Student_113,Female,88,13,65,4,Low,57
114,Student_114,Female,96,14,67,0,High,63
115,Student_115,Male,80,17,54,0,Medium,59
116,Student_116,Female,89,15,73,1,High,63
117,Student_117,Male,100,8,86,4,Medium,66
118,Student_118,Female,68,21,60,3,Medium,56
119,Student_119,Female,82,18,76,5,Low,65
120,Student_120,Male,81,18,80,4,Low,5
121,Student_121,Female,87,21,74,2,High,64
122,Student_122,Male,88,11,77,0,High,72
123,Student_123,Female,80,23,77,2,High,67
124,Student_124,Male,83,15,65,3,Medium,52
125,Student_125,Male,82,21,93,2,High,70
126,Student_126,Female,85,20,90,4,Low,69
127,Student_127,Female,90,10,89,2,Medium,55
128,Student_128,Male,95,19,87,3,Medium,70
129,Student_129,Female,96,18,56,3,Medium,57
130,Student_130,Female,93,16,86,3,Medium,71
131,Student_131,Female,81,15,83,4,Low,53
132,Student_132,Male,88,15,57,3,Medium,56
133,Student_133,Male,100,21,72,0,High,66
134,Student_134,Male,96,19,78,3,Medium,78
135,Student_135,Male,84,16,95,2,Low,61
136,Student_136,Male,100,7,84,5,Low,55
137,Student_137,Male,85,19,65,2,Medium,67
138,Student_138,Male,83,20,95,5,Medium,67
139,Student_139,Male,99,30,76,2,Medium,84
140,Student_140,Male,78,22,72,4,Medium,60
141,Student_141,Female,73,5,71,2,Medium,50
142,Student_142,Male,96,16,56,4,Medium,54
143,Student_143,Female,88,27,74,4,High,68
144,Student_144,Female,89,20,81,3,Medium,69
145,Student_145,Female,85,18,70,0,Medium,63
146,Student_146,Male,86,21,80,5,High,65
147,Student_147,Male,84,12,65,3,Low,47
148,Student_148,Male,83,19,73,3,Low,63
149,Student_149,Male,85,14,79,4,High,68
150,Student_150,Female,85,16,77,4,Medium,59
151,Student_151,Male,81,21,56,5,Medium,54
152,Student_152,Male,84,10,70,2,Low,58
153,Student_153,Male,68,24,95,2,Medium,62
154,Student_154,Male,93,13,69,3,Medium,58
155,Student_155,Male,91,18,75,1,Low,51
156,Student_156,Female,87,8,74,1,Medium,61
157,Student_157,Male,90,20,94,2,Medium,71
158,Student_158,Female,90,25,90,1,Medium,75
159,Student_159,Male,82,13,85,2,Low,69
160,Student_160,Female,84,9,63,4,Low,42
161,Student_161,Male,92,18,79,3,Medium,74
162,Student_162,Male,90,25,82,0,Low,64
163,Student_163,Female,100,7,67,3,High,58
164,Student_164,Female,100,9,65,2,Low,63
165,Student_165,Female,95,13,95,2,Medium,67
166,Student_166,Male,82,11,71,3,Low,42
167,Student_167,Female,83,11,94,5,Medium,64
168,Student_168,Male,80,3,87,2,High,57
169,Student_169,Male,90,20,80,1,Low,63
170,Student_170,Female,66,18,80,1,High,63
171,Student_171,Female,84,6,58,2,Medium,57
172,Student_172,Male,86,25,77,2,High,76
173,Student_173,Male,76,26,92,5,Medium,67
174,Student_174,Female,94,11,83,1,High,67
175,Student_175,Female,79,23,77,2,Medium,61
176,Student_176,Female,90,13,96,2,Medium,65
177,Student_177,Male,100,17,73,5,Low,55
178,Student_178,Male,75,11,68,5,Low,57
179,Student_179,Male,87,29,77,3,High,73
180,Student_180,Male,85,14,84,5,Medium,65
181,Student_181,Male,83,17,54,0,Medium,52
182,Student_182,Male,94,12,78,1,High,60
183,Student_183,Female,97,27,85,3,Medium,77
184,Student_184,Male,94,27,72,0,High,77
185,Student_185,Male,82,26,88,2,High,80
186,Student_186,Male,100,22,83,2,Medium,59
187,Student_187,Female,74,12,100,3,High,62
188,Student_188,Male,80,21,66,5,Low,60
189,Student_189,Male,89,16,85,2,Medium,60
190,Student_190,Female,89,24,63,4,Medium,65
191,Student_191,Male,92,23,56,3,Medium,55
192,Student_192,Male,100,12,51,0,High,61
193,Student_193,Male,87,22,81,3,High,77
194,Student_194,Male,89,20,77,1,Medium,69
195,Student_195,Male,83,1,69,5,Medium,51
196,Student_196,Female,93,21,54,5,High,72
197,Student_197,Female,85,13,67,3,Medium,49
198,Student_198,Female,85,11,75,2,Medium,52
199,Student_199,Male,92,11,85,2,Medium,66
200,Student_200,Male,96,15,75,4,High,73
201,Student_201,Male,70,19,78,4,Medium,57
202,Student_202,Female,91,8,70,5,High,55
203,Student_203,Male,86,17,96,4,High,70
204,Student_204,Male,96,19,63,0,Medium,53
205,Student_205,Female,86,27,67,4,Medium,60
206,Student_206,Male,98,10,69,0,High,55
207,Student_207,Female,83,14,82,4,Medium,59
208,Student_208,Female,70,18,63,5,High,60
209,Student_209,Female,96,23,77,5,High,77
210,Student_210,Male,81,14,77,0,Medium,56
211,Student_211,Male,75,23,67,3,High,63
212,Student_212,Male,88,4,79,5,High,58
213,Student_213,Male,86,8,63,3,High,47
214,Student_214,Male,95,18,62,2,Medium,65
215,Student_215,Male,95,8,76,0,Low,58
216,Student_216,Male,89,9,55,5,Medium,46
217,Student_217,Female,81,13,49,1,Medium,46
218,Student_218,Male,90,21,81,2,Medium,74
219,Student_219,Female,89,5,88,3,High,61
220,Student_220,Male,93,17,69,5,Medium,64
221,Student_221,Male,81,22,67,0,Medium,61
222,Student_222,Male,85,15,87,4,Low,66
223,Student_223,Female,92,14,61,1,High,63
224,Student_224,Female,98,18,59,3,Medium,62
225,Student_225,Female,96,15,83,2,Medium,68
226,Student_226,Female,89,24,75,0,Medium,65
227,Student_227,Male,84,9,88,1,High,62
228,Student_228,Female,91,16,49,0,Medium,57
229,Student_229,Male,79,17,58,5,Medium,54
230,Student_230,Male,81,14,75,4,High,57
231,Student_231,Female,100,1,80,2,High,68
232,Student_232,Female,91,15,85,0,High,74
233,Student_233,Female,20,21,77,3,Medium,65
234,Student_234,Female,95,21,77,5,Medium,66
235,Student_235,Female,98,18,70,5,High,69
236,Student_236,Female,84,9,94,2,Medium,64
237,Student_237,Female,85,18,62,5,High,52
238,Student_238,Female,84,13,79,3,Medium,70
239,Student_239,Male,96,18,63,0,Medium,57
240,Student_240,Female,96,17,81,2,Low,61
241,Student_241,Female,99,10,63,5,Medium,55
242,Student_242,Male,96,11,84,5,Low,67
243,Student_243,Female,75,18,76,3,Low,54
244,Student_244,Male,90,15,96,4,High,81
245,Student_245,Male,80,11,72,4,Medium,56
246,Student_246,Female,84,10,80,5,Medium,52
247,Student_247,Male,89,14,66,0,High,62
248,Student_248,Male,95,25,72,2,Medium,68
249,Student_249,Male,81,13,76,5,Low,47
250,Student_250,Male,69,16,57,1,High,57
251,Student_251,Female,89,17,58,2,Medium,56
252,Student_252,Male,100,9,82,4,High,69
253,Student_253,Female,86,5,73,5,High,57
254,Student_254,Male,88,10,68,3,High,56
255,Student_255,Male,100,17,66,1,Medium,66
256,Student_256,Male,93,17,67,5,Medium,57
257,Student_257,Male,90,20,76,0,Medium,50
258,Student_258,Female,92,17,80,1,Low,60
259,Student_259,Female,90,15,50,5,High,54
260,Student_260,Male,79,12,92,0,Low,58
261,Student_261,Male,77,21,91,1,Medium,78
262,Student_262,Female,100,10,47,0,High,65
263,Student_263,Male,89,9,88,0,Medium,59
264,Student_264,Male,89,19,88,1,Medium,64
265,Student_265,Male,87,8,75,1,Medium,57
266,Student_266,Female,94,30,59,0,High,71
267,Student_267,Female,100,16,87,4,Medium,70
268,Student_268,Female,92,18,72,1,High,64
269,Student_269,Male,83,11,82,5,Low,55
270,Student_270,Male,87,14,100,2,High,69
271,Student_271,Female,97,13,78,3,High,73
272,Student_272,Female,83,13,64,0,Low,46
273,Student_273,Female,95,20,71,0,Medium,68
274,Student_274,Female,69,13,66,3,Low,39
275,Student_275,Male,86,22,80,4,High,76
276,Student_276,Female,93,32,65,3,Medium,67
277,Student_277,Male,98,14,69,1,Medium,61
278,Student_278,Female,81,17,60,3,Low,55
279,Student_279,Male,76,18,73,0,Medium,58
280,Student_280,Female,86,27,77,3,Low,60
281,Student_281,Female,79,16,43,2,Medium,50
282,Student_282,Female,87,11,78,5,Medium,54
283,Student_283,Female,88,8,74,1,High,57
284,Student_284,Male,77,16,66,3,Medium,56
285,Student_285,Female,94,13,99,0,Medium,75
286,Student_286,Male,87,28,87,5,High,80
287,Student_287,Male,97,27,62,1,High,73
288,Student_288,Male,73,10,85,0,High,65
289,Student_289,Male,80,12,90,4,Medium,61
290,Student_290,Female,92,16,77,2,Medium,10
291,Student_291,Male,82,24,79,4,Low,68
292,Student_292,Male,87,16,79,2,High,66
293,Student_293,Male,88,12,50,3,Low,30
294,Student_294,Female,89,16,73,1,Medium,57
295,Student_295,Female,83,12,72,3,Medium,62
296,Student_296,Female,89,20,92,2,Medium,70
297,Student_297,Female,82,12,79,2,Medium,56
298,Student_298,Male,93,80,71,2,Low,59
299,Student_299,Male,87,23,74,5,Medium,66
300,Student_300,Female,89,11,87,0,Medium,51
301,Student_301,Male,100,7,73,1,High,54
302,Student_302,Male,79,17,67,3,High,64
303,Student_303,Male,99,14,72,3,High,66
304,Student_304,Female,67,19,86,4,High,74
305,Student_305,Female,71,18,81,2,Medium,25
306,Student_306,Male,78,16,76,2,Low,52
307,Student_307,Female,79,16,77,2,Medium,55
308,Student_308,Female,90,12,68,3,Medium,53
309,Student_309,Female,90,17,73,4,Medium,52
310,Student_310,Female,86,21,67,0,Medium,60
311,Student_311,Female,87,10,71,5,Medium,54
312,Student_312,Male,92,16,91,1,Medium,67
313,Student_313,Female,95,22,62,0,Medium,74
314,Student_314,Male,30,19,67,3,Low,62
315,Student_315,Male,85,24,60,5,High,63
316,Student_316,Female,87,13,57,5,Low,37
317,Student_317,Male,92,5,73,5,Low,47
318,Student_318,Male,82,17,68,2,Medium,15
319,Student_319,Male,87,18,96,1,Medium,65
320,Student_320,Female,88,24,72,3,Medium,62
321,Student_321,Female,82,23,90,3,Medium,78
322,Student_322,Male,82,19,87,5,Medium,65
323,Student_323,Female,89,21,72,3,Medium,68
324,Student_324,Female,87,15,100,1,High,69
325,Student_325,Female,92,9,78,1,High,62
326,Student_326,Female,80,17,93,4,Medium,64
327,Student_327,Male,85,22,92,4,Medium,68
328,Student_328,Male,86,20,80,0,High,76
329,Student_329,Female,95,21,84,1,Low,58
330,Student_330,Female,80,13,82,1,Medium,61
331,Student_331,Male,90,14,61,1,Medium,53
332,Student_332,Male,90,19,76,4,High,71
333,Student_333,Female,100,13,88,5,Low,59
334,Student_334,Male,80,13,93,5,Medium,67
335,Student_335,Female,83,18,66,3,High,59
336,Student_336,Female,81,21,81,5,Medium,71
337,Student_337,Male,75,15,77,2,Low,53
338,Student_338,Male,100,9,74,4,High,56
339,Student_339,Female,78,12,79,1,Medium,60
340,Student_340,Female,81,17,78,5,Medium,60
341,Student_341,Male,99,17,81,4,Medium,58
342,Student_342,Female,74,17,92,5,Medium,66
343,Student_343,Male,94,19,84,0,Medium,73
344,Student_344,Female,77,16,79,1,Low,61
345,Student_345,Male,98,18,97,0,Low,66
346,Student_346,Male,71,16,88,1,High,67
347,Student_347,Male,74,23,74,4,Medium,63
348,Student_348,Female,84,25,60,3,Low,64
349,Student_349,Female,96,9,63,5,Medium,49
350,Student_350,Male,88,14,86,5,High,66
351,Student_351,Female,85,16,67,2,Low,48
352,Student_352,Male,99,14,63,0,Medium,51
353,Student_353,Male,100,27,66,5,Low,66
354,Student_354,Female,93,60,67,4,Low,63
355,Student_355,Female,83,11,85,3,Low,53
356,Student_356,Male,85,20,73,4,High,63
357,Student_357,Female,78,18,59,0,Low,50
358,Student_358,Female,89,18,75,2,Low,61
359,Student_359,Male,75,27,78,5,Medium,67
360,Student_360,Male,92,18,69,4,High,74
361,Student_361,Female,100,14,89,1,Medium,63
362,Student_362,Male,94,4,70,3,Medium,50
363,Student_363,Male,84,15,88,4,Low,60
364,Student_364,Female,92,24,82,3,Medium,73
365,Student_365,Male,100,15,86,5,Medium,67
366,Student_366,Male,100,3,62,1,Medium,43
367,Student_367,Female,80,13,76,2,Medium,69
368,Student_368,Female,92,22,74,2,Medium,65
369,Student_369,Male,87,19,58,1,Low,53
370,Student_370,Male,94,11,88,3,Medium,66
371,Student_371,Female,91,13,65,5,Low,48
372,Student_372,Female,69,14,68,4,High,58
373,Student_373,Female,85,12,63,1,High,55
374,Student_374,Female,90,4,83,0,High,62
375,Student_375,Male,77,21,57,3,High,60
376,Student_376,Female,93,24,82,2,Medium,72
377,Student_377,Female,76,7,88,1,High,55
378,Student_378,Male,82,23,81,2,Medium,63
379,Student_379,Female,99,15,84,3,Medium,59
380,Student_380,Male,81,23,84,2,Medium,64
381,Student_381,Female,93,16,64,1,Medium,46
382,Student_382,Female,74,17,92,3,High,68
383,Student_383,Female,100,18,69,0,Medium,61
384,Student_384,Male,86,11,74,1,Medium,57
385,Student_385,Male,89,23,71,4,High,71
386,Student_386,Female,89,9,81,5,Low,59
387,Student_387,Male,93,14,69,1,Medium,72
388,Student_388,Male,76,19,76,3,High,71
389,Student_389,Male,88,13,60,5,Medium,51
390,Student_390,Male,83,21,89,1,Medium,66
391,Student_391,Male,74,24,83,0,Medium,71
392,Student_392,Male,96,22,71,0,Medium,58
393,Student_393,Female,85,4,69,4,High,52
394,Student_394,Female,90,17,83,2,Medium,64
395,Student_395,Male,89,22,67,5,Medium,66
396,Student_396,Female,85,8,77,3,Low,53
397,Student_397,Female,100,20,89,3,Low,63
398,Student_398,Female,88,20,65,2,High,64
399,Student_399,Female,76,9,79,0,Medium,56
400,Student_400,Male,85,21,79,0,Medium,62
401,Student_401,Female,92,18,74,1,Low,64
402,Student_402,Female,92,20,69,4,Medium,66
403,Student_403,Male,79,10,90,5,High,65
404,Student_404,Male,95,17,68,4,Medium,63
405,Student_405,Female,74,6,53,4,Low,35
406,Student_406,Female,97,2,83,1,Medium,52
407,Student_407,Female,77,17,61,4,High,57
408,Student_408,Female,86,23,83,2,Medium,71
409,Student_409,Female,97,18,91,1,High,77
410,Student_410,Female,89,16,83,2,Medium,62
411,Student_411,Male,95,15,88,1,High,75
412,Student_412,Female,93,10,99,4,Medium,65
413,Student_413,Female,98,15,87,2,Low,58
414,Student_414,Male,96,19,79,2,Medium,68
415,Student_415,Male,84,13,95,2,Medium,60
416,Student_416,Male,93,21,96,1,High,70
417,Student_417,Male,76,17,96,3,High,71
418,Student_418,Female,88,18,69,4,Medium,57
419,Student_419,Female,95,21,59,2,Medium,60
420,Student_420,Female,89,13,68,5,Low,47
421,Student_421,Female,92,20,83,3,High,79
422,Student_422,Female,86,14,77,5,Medium,56
423,Student_423,Female,97,18,73,4,Medium,62
424,Student_424,Male,87,12,82,4,Medium,62
425,Student_425,Female,84,11,57,2,Low,38
426,Student_426,Male,95,17,77,2,Medium,57
427,Student_427,Male,77,5,88,1,Medium,56
428,Student_428,Female,92,14,82,3,Low,56
429,Student_429,Male,80,6,83,3,High,54
430,Student_430,Female,98,21,30,2,Medium,77
431,Student_431,Male,86,22,74,4,Low,56
432,Student_432,Female,89,11,67,2,Medium,53
433,Student_433,Male,91,19,89,4,High,70
434,Student_434,Female,73,21,89,4,Medium,68
435,Student_435,Female,83,21,82,2,Medium,73
436,Student_436,Female,96,17,73,0,Low,49
437,Student_437,Female,95,20,75,3,Low,62
438,Student_438,Female,90,12,60,5,Medium,57
439,Student_439,Male,77,16,88,4,High,66
440,Student_440,Male,93,13,88,4,High,64
441,Student_441,Male,94,12,59,0,Low,51
442,Student_442,Female,88,16,85,5,Medium,70
443,Student_443,Male,98,18,80,1,High,76
444,Student_444,Female,83,23,63,0,Medium,63
445,Student_445,Female,84,18,61,5,High,62
446,Student_446,Male,68,20,79,0,Low,51
447,Student_447,Male,95,20,70,4,High,74
448,Student_448,Female,91,32,97,3,High,91
449,Student_449,Male,75,5,86,0,High,52
450,Student_450,Female,74,12,81,1,Medium,58
451,Student_451,Female,81,25,81,2,Medium,72
452,Student_452,Female,94,14,91,5,High,76
453,Student_453,Female,86,21,85,0,Medium,68
454,Student_454,Female,82,17,81,0,Medium,58
455,Student_455,Male,80,29,63,1,High,68
456,Student_456,Male,80,9,100,3,High,62
457,Student_457,Female,73,23,62,0,High,63
458,Student_458,Female,78,26,71,0,Medium,64
459,Student_459,Male,79,10,55,3,High,63
460,Student_460,Male,93,21,81,1,High,78
461,Student_461,Female,87,10,77,5,Low,57
462,Student_462,Male,81,16,84,5,Medium,65
463,Student_463,Female,100,14,54,0,Medium,53
464,Student_464,Male,83,2,88,3,Medium,52
465,Student_465,Female,97,19,65,0,High,66
466,Student_466,Male,100,17,73,2,Medium,65
467,Student_467,Female,75,25,20,5,High,76
468,Student_468,Male,89,20,78,4,High,71
469,Student_469,Male,84,30,79,2,Medium,71
470,Student_470,Female,83,17,85,0,High,66
471,Student_471,Male,92,15,80,1,Medium,56
472,Student_472,Female,83,15,71,5,High,69
473,Student_473,Male,84,13,73,4,Low,63
474,Student_474,Female,87,3,78,2,High,62
475,Student_475,Male,85,15,64,5,Medium,49
476,Student_476,Female,79,4,87,3,Medium,57
477,Student_477,Male,94,19,78,1,High,76
478,Student_478,Female,96,9,76,2,Medium,56
479,Student_479,Male,91,11,89,3,Medium,65
480,Student_480,Female,85,12,74,0,Medium,54
481,Student_481,Female,82,15,73,3,High,71
482,Student_482,Female,82,16,69,2,Medium,59
483,Student_483,Male,100,23,79,2,Low,61
484,Student_484,Female,96,13,79,0,Medium,65
485,Student_485,Male,81,19,67,3,Medium,64
486,Student_486,Female,89,32,73,3,Low,69
487,Student_487,Male,85,18,67,0,Medium,61
488,Student_488,Female,93,15,67,3,Medium,58
489,Student_489,Male,92,11,54,5,Low,40
490,Student_490,Male,97,15,72,0,Medium,61
491,Student_491,Female,81,11,55,1,High,56
492,Student_492,Male,89,18,69,2,Low,55
493,Student_493,Male,74,17,68,1,Medium,60
494,Student_494,Female,78,3,88,5,Medium,51
495,Student_495,Male,95,16,63,5,Medium,57
496,Student_496,Male,80,22,66,4,High,70
497,Student_497,Male,81,14,70,4,Medium,57
498,Student_498,Female,88,12,15,4,Medium,53
499,Student_499,Male,94,8,91,0,Low,62
500,Student_500,Female,80,5,61,3,Medium,42
501,Student_501,Male,60,21,70,5,Medium,53
502,Student_502,Male,81,15,79,1,Low,41
503,Student_503,Male,98,21,86,1,Medium,69
504,Student_504,Female,91,25,70,1,High,79
505,Student_505,Male,99,22,52,1,Medium,50
506,Student_506,Male,79,13,73,4,Medium,51
507,Student_507,Female,75,17,91,1,High,71
508,Student_508,Male,92,12,78,3,High,54
509,Student_509,Female,90,12,78,4,Medium,57
510,Student_510,Female,90,18,62,1,High,69
511,Student_511,Male,95,11,61,0,High,69
512,Student_512,Female,91,3,75,2,Medium,53
513,Student_513,Male,91,11,58,2,Medium,47
514,Student_514,Female,94,14,84,2,Medium,59
515,Student_515,Female,92,25,65,4,High,71
516,Student_516,Male,95,13,75,1,Medium,62
517,Student_517,Female,96,19,52,5,Low,62
518,Student_518,Female,100,15,70,5,High,71
519,Student_519,Female,83,23,61,5,Medium,61
520,Student_520,Female,92,23,47,4,Low,51
521,Student_521,Female,85,23,82,3,Medium,83
522,Student_522,Male,81,6,95,0,Medium,61
523,Student_523,Female,82,17,89,0,High,67
524,Student_524,Male,92,21,83,2,Medium,68
525,Student_525,Female,91,18,70,2,High,62
526,Student_526,Male,91,20,85,5,Medium,56
527,Student_527,Male,86,16,90,5,Low,62
528,Student_528,Female,88,12,77,2,High,72
529,Student_529,Female,95,6,61,1,Medium,42
530,Student_530,Female,76,12,69,3,Medium,53
531,Student_531,Male,88,32,95,3,Medium,77
532,Student_532,Female,89,13,74,3,High,66
533,Student_533,Male,94,4,35,3,Medium,38
534,Student_534,Male,77,20,57,2,Low,43
535,Student_535,Male,100,21,70,0,Low,56
536,Student_536,Female,90,24,87,2,Medium,68
537,Student_537,Female,90,19,72,3,High,75
538,Student_538,Male,85,21,88,2,Medium,75
539,Student_539,Male,92,27,69,3,Medium,67
540,Student_540,Female,88,12,51,4,Low,51
541,Student_541,Male,98,10,69,5,Medium,56
542,Student_542,Female,76,9,79,0,High,57
543,Student_543,Male,89,14,78,4,Medium,61
544,Student_544,Female,91,25,60,1,High,70
545,Student_545,Male,87,19,71,2,Medium,59
546,Student_546,Female,85,19,100,1,Low,67
547,Student_547,Male,85,5,60,2,High,55
548,Student_548,Female,89,12,83,5,Medium,62
549,Student_549,Female,74,5,50,4,High,45
550,Student_550,Male,96,23,85,5,High,80
551,Student_551,Male,84,26,64,3,Low,63
552,Student_552,Female,89,65,80,5,Low,62
553,Student_553,Male,91,10,60,5,High,54
554,Student_554,Female,84,25,78,3,Medium,69
555,Student_555,Male,87,14,64,2,Low,42
556,Student_556,Female,72,9,66,3,Low,42
557,Student_557,Female,94,10,80,4,Low,42
558,Student_558,Female,97,13,70,5,High,56
559,Student_559,Female,74,16,80,3,Low,45
560,Student_560,Female,85,15,73,5,Medium,64
561,Student_561,Female,78,8,76,4,Medium,53
562,Student_562,Male,87,23,80,1,Medium,62
563,Student_563,Male,93,15,71,4,Low,58
564,Student_564,Male,96,12,63,0,High,66
565,Student_565,Female,97,23,69,0,Low,64
566,Student_566,Female,98,9,89,0,High,67
567,Student_567,Female,86,6,76,5,High,59
568,Student_568,Female,79,24,65,2,Medium,66
569,Student_569,Male,87,27,80,2,Medium,69
570,Student_570,Male,93,13,81,2,Medium,62
571,Student_571,Female,78,16,81,5,Medium,59
572,Student_572,Male,100,9,63,4,High,51
573,Student_573,Male,95,16,67,2,High,70
574,Student_574,Female,86,13,67,1,Medium,66
575,Student_575,Male,82,15,71,0,Medium,53
576,Student_576,Female,83,18,81,4,High,73
577,Student_577,Male,89,9,79,0,High,58
578,Student_578,Female,86,14,80,2,Medium,61
579,Student_579,Female,96,5,91,4,Medium,67
580,Student_580,Female,85,14,83,3,Medium,59
581,Student_581,Female,92,15,73,1,High,65
582,Student_582,Male,88,17,61,2,Low,43
583,Student_583,Female,90,17,66,2,Medium,56
584,Student_584,Female,86,21,72,1,Medium,54
585,Student_585,Female,94,7,85,1,Medium,61
586,Student_586,Male,94,7,75,3,Medium,60
587,Student_587,Female,92,19,67,2,High,66
588,Student_588,Male,93,4,66,5,Low,46
589,Student_589,Female,80,17,74,2,Medium,58
590,Student_590,Male,91,9,86,0,Low,59
591,Student_591,Male,98,25,94,4,Low,73
592,Student_592,Female,92,18,73,4,Medium,53
593,Student_593,Male,80,15,74,0,Medium,63
594,Student_594,Female,88,23,60,4,Medium,59
595,Student_595,Female,91,10,98,1,Medium,59
596,Student_596,Female,82,11,58,4,Low,42
597,Student_597,Male,77,8,89,4,Medium,47
598,Student_598,Male,35,11,71,0,High,54
599,Student_599,Female,82,16,68,3,High,63
600,Student_600,Female,88,19,62,4,Medium,60
601,Student_601,Male,75,22,100,5,Medium,73
602,Student_602,Female,93,5,78,4,High,60
603,Student_603,Female,83,15,75,3,Low,51
604,Student_604,Female,96,9,86,0,High,66
605,Student_605,Male,86,15,67,3,High,60
606,Student_606,Male,88,30,75,0,Low,59
607,Student_607,Male,87,18,76,1,Low,54
608,Student_608,Female,82,21,69,0,High,71
609,Student_609,Female,100,28,89,1,Medium,86
610,Student_610,Female,84,23,72,1,Low,63
611,Student_611,Male,96,13,56,0,Medium,62
612,Student_612,Female,79,8,71,5,Medium,51
613,Student_613,Female,91,16,78,2,Medium,72
614,Student_614,Female,92,13,64,0,High,71
615,Student_615,Female,88,7,65,4,High,47
616,Student_616,Male,83,17,68,5,Medium,59
617,Student_617,Male,86,18,90,5,Medium,68
618,Student_618,Female,85,27,69,4,Medium,65
619,Student_619,Male,100,14,92,2,Medium,71
620,Student_620,Male,88,18,68,5,Low,55
621,Student_621,Female,92,12,79,1,High,62
622,Student_622,Female,100,21,70,2,High,71
623,Student_623,Male,81,15,84,4,Medium,68
624,Student_624,Female,88,9,62,2,Medium,52
625,Student_625,Male,86,16,84,0,Medium,67
626,Student_626,Female,87,18,76,2,Medium,61
627,Student_627,Male,87,18,67,1,Medium,62
628,Student_628,Female,82,22,73,0,Medium,58
629,Student_629,Male,90,7,93,3,High,63
630,Student_630,Male,79,11,77,4,Medium,55
631,Student_631,Male,96,20,67,4,Medium,57
632,Student_632,Female,93,12,61,2,High,55
633,Student_633,Male,84,17,81,5,Low,60
634,Student_634,Male,84,1,77,0,Medium,49
635,Student_635,Female,90,32,83,3,Medium,81
636,Student_636,Female,82,14,57,0,Medium,49
637,Student_637,Male,100,23,61,4,High,70
638,Student_638,Male,91,14,89,0,Medium,62
639,Student_639,Female,91,18,10,3,High,73
640,Student_640,Female,93,25,81,5,Medium,78
641,Student_641,Female,83,23,63,2,Medium,64
642,Student_642,Female,97,15,63,1,High,69
643,Student_643,Female,89,15,87,0,Medium,65
644,Student_644,Male,96,22,87,1,Medium,76
645,Student_645,Female,86,30,62,4,Medium,68
646,Student_646,Male,99,17,60,2,Medium,54
647,Student_647,Male,91,28,74,2,Low,67
648,Student_648,Male,100,15,65,0,Medium,55
649,Student_649,Female,85,22,65,5,Medium,73
650,Student_650,Male,90,23,60,2,Medium,60
651,Student_651,Male,80,14,69,0,High,64
652,Student_652,Female,84,12,61,0,Medium,52
653,Student_653,Male,93,23,62,1,High,62
654,Student_654,Male,97,13,79,2,Low,48
655,Student_655,Female,100,11,74,0,Medium,63
656,Student_656,Male,87,12,81,1,High,72
657,Student_657,Male,81,13,55,3,Medium,46
658,Student_658,Male,94,21,75,1,High,63
659,Student_659,Female,79,19,100,1,Medium,68
660,Student_660,Female,93,20,71,0,Low,54
661,Student_661,Female,84,19,85,4,Medium,63
662,Student_662,Male,90,12,85,4,Medium,65
663,Student_663,Male,97,20,85,5,High,75
664,Student_664,Female,87,23,77,4,Medium,63
665,Student_665,Male,95,20,82,1,High,76
666,Student_666,Male,95,19,83,5,High,76
667,Student_667,Female,73,11,83,0,Medium,54
668,Student_668,Female,81,17,62,2,Medium,56
669,Student_669,Male,76,11,55,1,High,55
670,Student_670,Male,100,16,56,1,High,65
671,Student_671,Male,87,6,72,5,Medium,52
672,Student_672,Female,100,6,82,0,Medium,66
673,Student_673,Female,75,15,62,3,Medium,55
674,Student_674,Female,83,13,86,1,Medium,59
675,Student_675,Female,94,17,69,3,Medium,59
676,Student_676,Male,89,15,69,3,High,61
677,Student_677,Female,92,16,65,4,Low,57
678,Student_678,Female,78,20,52,0,Low,46
679,Student_679,Female,99,13,78,3,Medium,60
680,Student_680,Female,94,15,96,0,Medium,74
681,Student_681,Female,91,25,74,4,Medium,70
682,Student_682,Male,83,16,53,0,Medium,58
683,Student_683,Male,91,15,84,1,Medium,68
684,Student_684,Female,86,16,56,3,Low,43
685,Student_685,Male,75,15,60,0,Medium,51
686,Student_686,Female,88,12,72,2,High,67
687,Student_687,Female,87,10,76,0,Medium,50
688,Student_688,Male,96,11,63,3,Medium,57
689,Student_689,Male,70,21,72,4,Medium,59
690,Student_690,Female,90,12,84,4,High,58
691,Student_691,Female,79,15,85,3,Medium,62
692,Student_692,Female,91,20,90,1,Medium,66
693,Student_693,Male,91,14,98,1,High,67
694,Student_694,Female,87,20,85,4,Medium,68
695,Student_695,Female,94,7,72,4,Low,40
696,Student_696,Female,78,15,85,3,Medium,58
697,Student_697,Male,97,16,81,1,Low,73
698,Student_698,Female,82,16,81,4,Medium,65
699,Student_699,Female,76,6,77,1,High,51
700,Student_700,Male,86,23,64,4,Medium,69
701,Student_701,Female,71,11,63,0,High,49
702,Student_702,Female,90,18,74,2,Low,55
703,Student_703,Male,86,16,77,5,High,61
704,Student_704,Female,98,22,67,0,Medium,67
705,Student_705,Male,93,29,80,5,Medium,81
706,Student_706,Male,77,8,100,4,Low,51
707,Student_707,Female,81,12,54,2,High,43
708,Student_708,Female,92,17,82,2,Low,66
709,Student_709,Female,95,9,74,4,Low,60
710,Student_710,Female,98,21,80,4,Medium,59
711,Student_711,Male,98,21,70,1,Medium,68
712,Student_712,Female,87,19,73,4,Medium,64
713,Student_713,Male,91,17,77,3,Low,54
714,Student_714,Female,98,24,71,4,Medium,62
715,Student_715,Female,86,9,57,3,Medium,54
716,Student_716,Female,91,16,72,4,Medium,62
717,Student_717,Male,85,12,58,1,Medium,52
718,Student_718,Female,84,21,83,3,High,69
719,Student_719,Female,88,5,53,0,Medium,41
720,Student_720,Female,82,16,87,3,Medium,51
721,Student_721,Female,87,18,80,1,Medium,63
722,Student_722,Male,80,10,80,5,High,68
723,Student_723,Female,86,12,49,3,High,49
724,Student_724,Male,92,16,71,4,High,58
725,Student_725,Male,83,22,89,4,Medium,72
726,Student_726,Male,88,10,69,5,Low,52
727,Student_727,Male,89,11,62,1,Medium,50
728,Student_728,Male,92,23,67,2,Medium,63
729,Student_729,Male,87,14,74,4,Medium,60
730,Student_730,Female,97,11,65,0,High,60
731,Student_731,Male,71,20,90,1,High,75
732,Student_732,Male,100,13,74,3,High,78
733,Student_733,Male,81,22,68,3,Medium,53
734,Student_734,Female,91,12,59,0,Medium,59
735,Student_735,Female,80,15,81,4,Medium,61
736,Student_736,Male,93,22,81,1,Low,71
737,Student_737,Female,90,15,65,0,High,66
738,Student_738,Male,83,21,48,4,Low,50
739,Student_739,Male,97,16,80,1,Medium,69
740,Student_740,Female,87,28,73,3,Medium,68
741,Student_741,Male,92,25,79,1,Medium,67
742,Student_742,Female,81,8,98,5,High,70
743,Student_743,Female,88,19,75,2,Medium,59
744,Student_744,Male,100,11,69,1,High,66
745,Student_745,Male,96,17,61,2,Medium,59
746,Student_746,Female,90,16,71,1,Medium,49
747,Student_747,Male,84,10,77,2,High,58
748,Student_748,Male,89,22,76,5,Medium,68
749,Student_749,Male,90,17,96,3,High,73
750,Student_750,Female,92,14,81,4,Medium,50
751,Student_751,Female,79,13,73,2,Medium,62
752,Student_752,Male,93,17,67,5,Medium,61
753,Student_753,Female,79,18,78,2,High,69
754,Student_754,Female,100,15,64,3,Low,52
755,Student_755,Female,82,1,77,2,High,56
756,Student_756,Female,90,16,81,5,Medium,73
757,Student_757,Female,96,7,72,5,Medium,51
758,Student_758,Male,86,15,67,0,Medium,65
759,Student_759,Male,91,8,49,3,Medium,48
760,Student_760,Male,99,8,89,0,Medium,58
761,Student_761,Female,93,23,80,3,High,86
762,Student_762,Female,91,14,80,2,Medium,64
763,Student_763,Male,75,14,56,5,Medium,53
764,Student_764,Female,81,19,92,0,Medium,66
765,Student_765,Male,96,14,69,2,Low,50
766,Student_766,Male,93,29,72,5,Medium,72
767,Student_767,Male,94,14,62,3,Medium,64
768,Student_768,Female,93,18,54,5,Medium,55
769,Student_769,Female,98,22,89,2,Low,68
770,Student_770,Male,86,26,90,0,Medium,81
771,Student_771,Male,89,12,73,0,Medium,56
772,Student_772,Male,80,13,67,5,Medium,56
773,Student_773,Male,78,24,25,2,Medium,68
774,Student_774,Female,75,21,71,1,Low,54
775,Student_775,Female,81,22,61,3,High,66
776,Student_776,Male,100,8,71,3,High,65
777,Student_777,Male,76,25,77,2,High,69
778,Student_778,Female,86,11,87,1,Low,60
779,Student_779,Female,78,17,75,0,High,62
780,Student_780,Male,83,15,56,4,High,54
781,Student_781,Male,89,11,79,4,High,56
782,Student_782,Male,82,8,72,2,Low,45
783,Student_783,Female,97,6,91,1,Medium,57
784,Student_784,Female,100,17,92,1,High,74
785,Student_785,Female,70,7,93,3,Medium,59
786,Student_786,Male,83,9,68,0,Medium,43
787,Student_787,Male,88,15,99,5,Medium,59
788,Student_788,Female,97,1,79,1,Medium,49
789,Student_789,Female,84,21,95,5,Low,68
790,Student_790,Male,88,2,69,4,Medium,49
791,Student_791,Female,79,16,71,5,Low,49
792,Student_792,Female,76,16,78,0,Medium,65
793,Student_793,Male,100,19,77,0,Medium,64
794,Student_794,Female,73,16,90,5,Medium,65
795,Student_795,Male,100,28,72,2,Low,66
796,Student_796,Male,94,17,89,1,Medium,64
797,Student_797,Male,93,22,84,2,High,72
798,Student_798,Male,93,12,72,5,Low,57
799,Student_799,Male,86,17,83,1,Low,61
800,Student_800,Male,91,25,69,3,Low,67
801,Student_801,Male,86,15,100,2,High,75
802,Student_802,Female,92,17,43,2,Medium,44
803,Student_803,Male,88,22,83,5,Medium,79
804,Student_804,Male,80,12,54,4,Low,45
805,Student_805,Female,81,3,72,5,Medium,50
806,Student_806,Female,80,18,74,2,High,63
807,Student_807,Female,96,22,93,1,High,85
808,Student_808,Male,83,8,67,4,Medium,45
809,Student_809,Female,73,20,91,5,Low,64
810,Student_810,Male,91,20,61,5,Low,45
811,Student_811,Male,100,2,91,2,Low,57
812,Student_812,Male,94,10,69,2,Medium,50
813,Student_813,Male,83,14,76,3,Low,55
814,Student_814,Female,75,15,71,5,Medium,62
815,Student_815,Female,87,12,90,2,Medium,67
816,Student_816,Male,87,11,88,0,High,72
817,Student_817,Male,80,26,80,4,Medium,74
818,Student_818,Male,92,15,61,0,High,59
819,Student_819,Female,100,12,66,4,High,66
820,Student_820,Male,90,16,63,5,Low,44
821,Student_821,Male,89,19,48,3,High,56
822,Student_822,Female,81,16,90,2,Medium,72
823,Student_823,Female,99,15,71,2,Medium,60
824,Student_824,Male,87,12,71,2,Medium,47
825,Student_825,Female,83,12,93,5,High,78
826,Student_826,Female,89,12,69,4,Medium,59
827,Student_827,Male,92,18,65,2,Medium,64
828,Student_828,Female,89,10,72,0,High,56
829,Student_829,Male,98,18,61,2,Low,57
830,Student_830,Female,91,24,79,5,Medium,71
831,Student_831,Male,86,18,71,3,High,62
832,Student_832,Male,91,14,69,0,High,20
833,Student_833,Male,92,8,68,2,High,51
834,Student_834,Female,78,25,74,2,High,69
835,Student_835,Male,97,9,76,1,Low,58
836,Student_836,Female,86,21,69,4,High,64
837,Student_837,Male,86,20,71,0,Medium,72
838,Student_838,Male,94,15,74,1,Medium,54
839,Student_839,Female,94,14,73,3,Low,54
840,Student_840,Male,82,5,75,4,Medium,47
841,Student_841,Male,94,18,67,0,High,65
842,Student_842,Female,40,20,87,2,High,79
843,Student_843,Male,100,9,76,0,Medium,54
844,Student_844,Male,25,15,69,2,Low,49
845,Student_845,Male,90,16,79,4,Medium,66
846,Student_846,Male,82,20,74,2,High,68
847,Student_847,Female,100,16,54,3,High,63
848,Student_848,Female,78,6,79,5,Medium,47
849,Student_849,Male,92,13,63,2,Low,50
850,Student_850,Female,82,17,86,3,Medium,70
851,Student_851,Male,85,21,72,5,Medium,55
852,Student_852,Female,92,12,84,4,High,64
853,Student_853,Male,98,29,67,4,Medium,62
854,Student_854,Male,100,5,76,0,Medium,58
855,Student_855,Male,76,13,90,3,Medium,67
856,Student_856,Male,90,16,72,3,Low,55
857,Student_857,Male,100,15,68,1,High,61
858,Student_858,Male,75,9,83,1,Medium,50
859,Student_859,Female,91,19,83,5,Medium,66
860,Student_860,Male,88,18,68,5,Medium,59
861,Student_861,Female,91,16,51,1,Medium,58
862,Student_862,Male,82,18,68,5,Medium,55
863,Student_863,Female,77,13,83,2,High,66
864,Student_864,Female,73,6,66,1,Medium,45
865,Student_865,Female,96,12,75,3,Medium,56
866,Student_866,Male,97,17,67,2,Low,55
867,Student_867,Male,90,17,52,5,Medium,56
868,Student_868,Female,84,16,67,4,Low,57
869,Student_869,Male,75,19,83,0,Medium,62
870,Student_870,Female,93,13,47,1,High,49
871,Student_871,Male,79,16,78,4,High,70
872,Student_872,Female,82,19,61,5,Medium,53
873,Student_873,Female,83,15,82,3,Medium,63
874,Student_874,Male,86,9,84,0,Low,53
875,Student_875,Female,82,10,73,4,Medium,53
876,Student_876,Male,88,21,73,0,High,67
877,Student_877,Female,83,24,65,1,Medium,66
878,Student_878,Female,94,23,59,5,Medium,45
879,Student_879,Male,96,17,95,3,High,82
880,Student_880,Male,89,9,65,5,High,53
881,Student_881,Male,92,16,94,0,Medium,71
882,Student_882,Female,100,25,65,4,Medium,70
883,Student_883,Male,79,20,81,1,Low,65
884,Student_884,Female,78,15,61,1,Low,49
885,Student_885,Female,94,20,81,5,High,69
886,Student_886,Male,100,8,71,4,High,53
887,Student_887,Male,86,12,71,4,High,59
888,Student_888,Female,100,9,82,0,Low,46
889,Student_889,Female,89,19,69,5,High,63
890,Student_890,Male,83,20,58,5,Medium,56
891,Student_891,Male,80,15,84,2,Medium,58
892,Student_892,Male,93,11,61,5,Medium,54
893,Student_893,Male,81,16,81,1,Low,55
894,Student_894,Male,89,13,87,0,High,66
895,Student_895,Female,100,11,70,4,Medium,46
896,Student_896,Female,86,18,89,5,Low,56
897,Student_897,Female,99,11,81,0,Low,60
898,Student_898,Female,78,7,67,5,Low,48
899,Student_899,Male,84,8,92,4,Low,45
900,Student_900,Male,77,6,61,3,Medium,41
901,Student_901,Male,89,17,70,4,High,71
902,Student_902,Female,94,17,73,4,Low,54
903,Student_903,Female,89,17,82,4,Low,59
904,Student_904,Male,98,20,88,5,Medium,79
905,Student_905,Male,82,23,88,2,High,73
906,Student_906,Female,90,55,78,4,Medium,57
907,Student_907,Female,84,18,72,1,Medium,60
908,Student_908,Male,91,7,53,1,Medium,56
909,Student_909,Male,92,24,59,0,Medium,65
910,Student_910,Female,93,9,96,2,Low,59
911,Student_911,Male,79,12,53,0,High,50
912,Student_912,Male,81,12,66,1,Medium,56
913,Student_913,Male,82,7,89,1,Medium,61
914,Student_914,Female,86,16,78,3,High,61
915,Student_915,Female,89,17,86,4,Medium,69
916,Student_916,Female,94,15,82,1,Medium,63
917,Student_917,Female,81,7,93,5,Medium,59
918,Student_918,Female,75,28,79,5,Low,59
919,Student_919,Female,100,19,83,0,Low,62
920,Student_920,Female,79,32,66,0,Medium,63
921,Student_921,Male,95,11,82,4,High,61
922,Student_922,Male,88,22,70,4,High,71
923,Student_923,Male,90,21,70,3,Medium,62
924,Student_924,Male,88,14,86,2,Low,52
925,Student_925,Male,85,24,86,0,Low,76
926,Student_926,Male,92,14,95,4,High,67
927,Student_927,Male,84,14,94,0,Medium,71
928,Student_928,Female,97,1,86,4,Medium,48
929,Student_929,Female,93,18,54,1,High,64
930,Student_930,Male,93,8,97,0,High,67
931,Student_931,Male,84,13,86,1,High,63
932,Student_932,Female,86,10,66,0,Low,49
933,Student_933,Male,78,14,84,2,High,65
934,Student_934,Male,85,19,63,3,High,59
935,Student_935,Female,80,16,82,5,Medium,57
936,Student_936,Male,99,20,59,5,Medium,54
937,Student_937,Female,88,24,65,5,Medium,65
938,Student_938,Male,89,14,84,1,High,62
939,Student_939,Female,86,13,88,4,Low,58
940,Student_940,Female,90,22,79,5,Medium,71
941,Student_941,Female,100,22,72,2,Low,64
942,Student_942,Male,86,20,50,5,High,56
943,Student_943,Female,83,10,72,0,Low,53
944,Student_944,Male,92,19,81,1,Medium,65
945,Student_945,Male,68,17,71,0,Medium,49
946,Student_946,Male,89,22,75,0,High,70
947,Student_947,Male,85,13,73,0,Medium,60
948,Student_948,Female,80,6,71,3,Low,41
949,Student_949,Female,92,20,76,3,High,75
950,Student_950,Male,88,1,72,4,Medium,44
